file_name,total_sales,average_sales
04_sales_201401.csv,8992.0,1498.6666666666667
05_sales_201402.csv,9375.0,1562.5
06_sales_201403.csv,10139.0,1689.8333333333333
